{
  "rrt_star": {
    "n_trials": 10,
    "success_rate": 30.0,
    "collision_free_rate": 30.0,
    "path_length": {
      "mean": 62.74821654536713,
      "std": 11.798987840279517
    },
    "delta_v": {
      "mean": 5.548181972645937,
      "std": 4.217405571856597
    },
    "energy_joules": {
      "mean": 225.5443339999997,
      "std": 9.212655002100709,
      "total": 2255.443339999997
    },
    "time_ms": {
      "mean": 45108.866799999945,
      "std": 1842.5310004201417
    }
  },
  "hybrid_diffusion": {
    "n_trials": 10,
    "success_rate": 20.0,
    "collision_free_rate": 30.0,
    "path_length": {
      "mean": 61.94163053262639,
      "std": 12.087076618619973
    },
    "delta_v": {
      "mean": 58.76745244769363,
      "std": 24.721357169599333
    },
    "energy_joules": {
      "mean": 103.65738909999891,
      "std": 298.81372187233166,
      "total": 1036.573890999989
    },
    "time_ms": {
      "mean": 20517.096200000015,
      "std": 59795.41028797069
    }
  },
  "metadata": {
    "timestamp": "2026-01-08T12:35:18.154930",
    "power_profile": "jetson_nano_5w",
    "target_tolerance_m": 5.0,
    "safety_margin_m": 0.5
  }
}